{
    "info_gain": {
        "individual": {
            "r1": 0.17476071428571424,
            "r2": 0.05305833333333334,
            "rL": 0.17162499999999992
        },
        "combined": {
            "r1": 0.4303166666666667,
            "r2": 0.13753333333333334,
            "rL": 0.4253666666666667
        }
    },
    "redundancy": {
        "unigram_ratio": 0.6725762083671757,
        "bigram_ratio": 0.8967873379876186,
        "trigram_ratio": 0.9506747234318441,
        "nid": 0.2291240119408415,
        "self_referenced": 0.7130000866055488
    },
    "consistency": {
        "align_score_hints": 0.6962962959110737,
        "align_score_context": 0.2556763263454268
    },
    "readability": {
        "flesch_kincaid": 12.354838559617756,
        "fre": 36.000331379068435,
        "dale_chall": 10.480072453235257
    },
    "leakage": 0.1215,
    "llm_leakage": 84.7
}