{
    "info_gain": {
        "individual": {
            "r1": 0.12417678571428574,
            "r2": 0.03450833333333334,
            "rL": 0.12134642857142859
        },
        "combined": {
            "r1": 0.42939999999999984,
            "r2": 0.13275,
            "rL": 0.42273333333333335
        }
    },
    "redundancy": {
        "unigram_ratio": 0.7992449736251701,
        "bigram_ratio": 0.9786441187189142,
        "trigram_ratio": 0.9961782469910235,
        "nid": 0.18340231154503137,
        "self_referenced": 0.5634339675456286
    },
    "consistency": {
        "align_score_hints": 0.8212008182704449,
        "align_score_context": 0.39557469948858487
    },
    "readability": {
        "flesch_kincaid": 8.277680039153864,
        "fre": 53.9593716331284,
        "dale_chall": 9.513755949886827
    },
    "leakage": 0.04475,
    "llm_leakage": 44.9
}