{
    "info_gain": {
        "individual": {
            "r1": 0.3724732142857144,
            "r2": 0.15268749999999998,
            "rL": 0.3707160714285715
        },
        "combined": {
            "r1": 0.5062666666666666,
            "r2": 0.2152666666666667,
            "rL": 0.5082428571428571
        }
    },
    "redundancy": {
        "unigram_ratio": 0.41740335768915987,
        "bigram_ratio": 0.6005173307092794,
        "trigram_ratio": 0.6910457609291757,
        "nid": 0.3576889921187063,
        "self_referenced": 0.8911107322573661
    },
    "consistency": {
        "align_score_hints": 0.7662722716592252,
        "align_score_context": 0.4627790535964887
    },
    "readability": {
        "flesch_kincaid": 11.767839144890775,
        "fre": 38.4090953034017,
        "dale_chall": 10.554770440237556
    },
    "leakage": 0.707,
    "llm_leakage": 99.8
}