{
    "info_gain": {
        "individual": {
            "r1": 0.35850238095238074,
            "r2": 0.14079583333333331,
            "rL": 0.3578940476190476
        },
        "combined": {
            "r1": 0.5034523809523809,
            "r2": 0.22126666666666667,
            "rL": 0.5036714285714284
        }
    },
    "redundancy": {
        "unigram_ratio": 0.45789442833077465,
        "bigram_ratio": 0.6744217655745197,
        "trigram_ratio": 0.7633958336984176,
        "nid": 0.33243071322802487,
        "self_referenced": 0.8332775260508061
    },
    "consistency": {
        "align_score_hints": 0.6469179839938879,
        "align_score_context": 0.38805188130575696
    },
    "readability": {
        "flesch_kincaid": 11.19502464810036,
        "fre": 41.98803098001468,
        "dale_chall": 10.438517067409995
    },
    "leakage": 0.72275,
    "llm_leakage": 99.8
}