{
    "info_gain": {
        "individual": {
            "r1": 0.15222619047619043,
            "r2": 0.048670833333333344,
            "rL": 0.14831071428571432
        },
        "combined": {
            "r1": 0.4548857142857141,
            "r2": 0.14728333333333332,
            "rL": 0.4497928571428571
        }
    },
    "redundancy": {
        "unigram_ratio": 0.805753220164532,
        "bigram_ratio": 0.9817281175173135,
        "trigram_ratio": 0.9954230540189225,
        "nid": 0.18499779551027362,
        "self_referenced": 0.5810232771039009
    },
    "consistency": {
        "align_score_hints": 0.8232122286185622,
        "align_score_context": 0.419757388273385
    },
    "readability": {
        "flesch_kincaid": 9.223656788475404,
        "fre": 46.87564574463107,
        "dale_chall": 10.183075232876236
    },
    "leakage": 0.0875,
    "llm_leakage": 47.199999999999996
}