{
    "info_gain": {
        "individual": {
            "r1": 0.2025904761904762,
            "r2": 0.06505000000000001,
            "rL": 0.20087738095238095
        },
        "combined": {
            "r1": 0.4522976190476189,
            "r2": 0.16768333333333335,
            "rL": 0.44727380952380935
        }
    },
    "redundancy": {
        "unigram_ratio": 0.5715611929545682,
        "bigram_ratio": 0.7825367204164271,
        "trigram_ratio": 0.860337846855633,
        "nid": 0.28786074083573543,
        "self_referenced": 0.7772858016192913
    },
    "consistency": {
        "align_score_hints": 0.782505686674267,
        "align_score_context": 0.3753643562521611
    },
    "readability": {
        "flesch_kincaid": 10.24663786524213,
        "fre": 46.26108387998713,
        "dale_chall": 10.067359790159472
    },
    "leakage": 0.1725,
    "llm_leakage": 87.6
}