{
    "info_gain": {
        "individual": {
            "r1": 0.20934999999999998,
            "r2": 0.058729166666666666,
            "rL": 0.20582857142857136
        },
        "combined": {
            "r1": 0.43478333333333324,
            "r2": 0.1635833333333333,
            "rL": 0.4339857142857142
        }
    },
    "redundancy": {
        "unigram_ratio": 0.7590594424443873,
        "bigram_ratio": 0.9323828348828345,
        "trigram_ratio": 0.9547151480173564,
        "nid": 0.1966982363547405,
        "self_referenced": 0.6414674462378025
    },
    "consistency": {
        "align_score_hints": 0.7097795413248241,
        "align_score_context": 0.33350640078501603
    },
    "readability": {
        "flesch_kincaid": 10.453182575596246,
        "fre": 42.28332945475132,
        "dale_chall": 10.408686039406057
    },
    "leakage": 0.22025,
    "llm_leakage": 54.300000000000004
}