{
    "info_gain": {
        "individual": {
            "r1": 0.1621202380952381,
            "r2": 0.042445833333333335,
            "rL": 0.1605071428571429
        },
        "combined": {
            "r1": 0.4211071428571428,
            "r2": 0.13424999999999998,
            "rL": 0.41774999999999995
        }
    },
    "redundancy": {
        "unigram_ratio": 0.8430089773028837,
        "bigram_ratio": 0.9746202224062783,
        "trigram_ratio": 0.9813554053514536,
        "nid": 0.1553543746029178,
        "self_referenced": 0.571692718744278
    },
    "consistency": {
        "align_score_hints": 0.7278467583879829,
        "align_score_context": 0.3019760082598659
    },
    "readability": {
        "flesch_kincaid": 10.51645385568555,
        "fre": 42.85937518377348,
        "dale_chall": 10.152101693839729
    },
    "leakage": 0.07,
    "llm_leakage": 55.7
}