{
    "info_gain": {
        "individual": {
            "r1": 0.21655178571428574,
            "r2": 0.06744583333333334,
            "rL": 0.21398333333333336
        },
        "combined": {
            "r1": 0.4226904761904759,
            "r2": 0.16553333333333334,
            "rL": 0.42083333333333306
        }
    },
    "redundancy": {
        "unigram_ratio": 0.6132813686658477,
        "bigram_ratio": 0.8046570067994009,
        "trigram_ratio": 0.8582887606891147,
        "nid": 0.2759068634112528,
        "self_referenced": 0.6250638307183981
    },
    "consistency": {
        "align_score_hints": 0.4912815026305616,
        "align_score_context": 0.19879006042580294
    },
    "readability": {
        "flesch_kincaid": 8.272261075275226,
        "fre": 52.066927669042634,
        "dale_chall": 10.809809415445722
    },
    "leakage": 0.36925,
    "llm_leakage": 85.9
}