{
    "info_gain": {
        "individual": {
            "r1": 0.2546761904761905,
            "r2": 0.08720833333333333,
            "rL": 0.2513708333333334
        },
        "combined": {
            "r1": 0.4701738095238094,
            "r2": 0.18578333333333333,
            "rL": 0.4669499999999999
        }
    },
    "redundancy": {
        "unigram_ratio": 0.5752872934870222,
        "bigram_ratio": 0.812538579798666,
        "trigram_ratio": 0.8935114775324271,
        "nid": 0.27563969286937134,
        "self_referenced": 0.7687534494698047
    },
    "consistency": {
        "align_score_hints": 0.776907009460032,
        "align_score_context": 0.36407372121256776
    },
    "readability": {
        "flesch_kincaid": 11.020781774820719,
        "fre": 42.71111270161186,
        "dale_chall": 10.132521011661717
    },
    "leakage": 0.2415,
    "llm_leakage": 88.8
}