{
    "info_gain": {
        "individual": {
            "r1": 0.12147321428571428,
            "r2": 0.0342375,
            "rL": 0.11889166666666667
        },
        "combined": {
            "r1": 0.37689999999999996,
            "r2": 0.11911666666666668,
            "rL": 0.3693666666666667
        }
    },
    "redundancy": {
        "unigram_ratio": 0.7570650873212154,
        "bigram_ratio": 0.9301645037360702,
        "trigram_ratio": 0.968320298132056,
        "nid": 0.21602209979185613,
        "self_referenced": 0.5285437371730805
    },
    "consistency": {
        "align_score_hints": 0.6919069931134582,
        "align_score_context": 0.297738847562985
    },
    "readability": {
        "flesch_kincaid": 7.5016321733512115,
        "fre": 55.761804572131716,
        "dale_chall": 10.929354309516109
    },
    "leakage": 0.053,
    "llm_leakage": 17.0
}