{
    "info_gain": {
        "individual": {
            "r1": 0.12392857142857143,
            "r2": 0.036020833333333335,
            "rL": 0.12214642857142861
        },
        "combined": {
            "r1": 0.42291666666666666,
            "r2": 0.13986666666666664,
            "rL": 0.4193666666666666
        }
    },
    "redundancy": {
        "unigram_ratio": 0.7929576339036452,
        "bigram_ratio": 0.9788741903439623,
        "trigram_ratio": 0.9959181106843599,
        "nid": 0.1884003209450728,
        "self_referenced": 0.5724739956557751
    },
    "consistency": {
        "align_score_hints": 0.7793347794264555,
        "align_score_context": 0.3950582501892059
    },
    "readability": {
        "flesch_kincaid": 9.35671209433982,
        "fre": 46.612834262896946,
        "dale_chall": 10.138763939815691
    },
    "leakage": 0.0545,
    "llm_leakage": 41.699999999999996
}