{
    "info_gain": {
        "individual": {
            "r1": 0.1377125,
            "r2": 0.03787499999999999,
            "rL": 0.13438869047619048
        },
        "combined": {
            "r1": 0.3974499999999999,
            "r2": 0.11858333333333333,
            "rL": 0.3915428571428571
        }
    },
    "redundancy": {
        "unigram_ratio": 0.685734601881605,
        "bigram_ratio": 0.9148722088752245,
        "trigram_ratio": 0.9653871128069189,
        "nid": 0.2441146177954121,
        "self_referenced": 0.7160719698369503
    },
    "consistency": {
        "align_score_hints": 0.7637760756500065,
        "align_score_context": 0.39195869228687663
    },
    "readability": {
        "flesch_kincaid": 9.49291109681287,
        "fre": 45.47384906437539,
        "dale_chall": 10.47050229751636
    },
    "leakage": 0.064,
    "llm_leakage": 30.3
}