{
    "info_gain": {
        "individual": {
            "r1": 0.09522380952380956,
            "r2": 0.030508333333333332,
            "rL": 0.09328571428571433
        },
        "combined": {
            "r1": 0.41979047619047605,
            "r2": 0.12861666666666668,
            "rL": 0.4128666666666665
        }
    },
    "redundancy": {
        "unigram_ratio": 0.7032477846634129,
        "bigram_ratio": 0.9192377662555293,
        "trigram_ratio": 0.9670518453230654,
        "nid": 0.24560784520524823,
        "self_referenced": 0.6484607841670513
    },
    "consistency": {
        "align_score_hints": 0.755537928596139,
        "align_score_context": 0.33605545686589905
    },
    "readability": {
        "flesch_kincaid": 9.059615291705363,
        "fre": 49.481644391671736,
        "dale_chall": 10.096724066066688
    },
    "leakage": 0.06325,
    "llm_leakage": 24.5
}