{
    "info_gain": {
        "individual": {
            "r1": 0.04761666666666667,
            "r2": 0.012154166666666666,
            "rL": 0.04710178571428572
        },
        "combined": {
            "r1": 0.3958166666666666,
            "r2": 0.11828333333333335,
            "rL": 0.39297619047619037
        }
    },
    "redundancy": {
        "unigram_ratio": 0.8057653934855931,
        "bigram_ratio": 0.9840703211974052,
        "trigram_ratio": 0.9974456193859398,
        "nid": 0.19106255067485592,
        "self_referenced": 0.5243784960061312
    },
    "consistency": {
        "align_score_hints": 0.7991340608149767,
        "align_score_context": 0.38241490197600797
    },
    "readability": {
        "flesch_kincaid": 8.310911596927689,
        "fre": 50.15985413699861,
        "dale_chall": 9.959037596958458
    },
    "leakage": 0.01925,
    "llm_leakage": 33.7
}