{
    "info_gain": {
        "individual": {
            "r1": 0.02838095238095237,
            "r2": 0.011237500000000001,
            "rL": 0.027922023809523813
        },
        "combined": {
            "r1": 0.3574738095238095,
            "r2": 0.09961666666666667,
            "rL": 0.3543666666666666
        }
    },
    "redundancy": {
        "unigram_ratio": 0.7915975022133441,
        "bigram_ratio": 0.9831642649478949,
        "trigram_ratio": 0.9967785508044373,
        "nid": 0.19919928693805516,
        "self_referenced": 0.5394881935566663
    },
    "consistency": {
        "align_score_hints": 0.7627488273233175,
        "align_score_context": 0.3323267811455589
    },
    "readability": {
        "flesch_kincaid": 8.628400395409574,
        "fre": 51.837165376978774,
        "dale_chall": 10.0700865145292
    },
    "leakage": 0.01075,
    "llm_leakage": 47.9
}