{
    "info_gain": {
        "individual": {
            "r1": 0.1120279761904762,
            "r2": 0.034987500000000005,
            "rL": 0.10874821428571428
        },
        "combined": {
            "r1": 0.4082119047619047,
            "r2": 0.12745,
            "rL": 0.4020190476190475
        }
    },
    "redundancy": {
        "unigram_ratio": 0.6871244245843237,
        "bigram_ratio": 0.9321353433036504,
        "trigram_ratio": 0.9792527675324612,
        "nid": 0.24106950173439617,
        "self_referenced": 0.6700318783223629
    },
    "consistency": {
        "align_score_hints": 0.7227296203374862,
        "align_score_context": 0.27086760955779754
    },
    "readability": {
        "flesch_kincaid": 10.01571961545237,
        "fre": 48.919103430739845,
        "dale_chall": 10.159299551197252
    },
    "leakage": 0.0405,
    "llm_leakage": 31.6
}