{
    "info_gain": {
        "individual": {
            "r1": 0.20829880952380952,
            "r2": 0.05874583333333334,
            "rL": 0.20473392857142853
        },
        "combined": {
            "r1": 0.40065000000000006,
            "r2": 0.13445,
            "rL": 0.39549999999999996
        }
    },
    "redundancy": {
        "unigram_ratio": 0.6617662310312542,
        "bigram_ratio": 0.8863427547101688,
        "trigram_ratio": 0.9449275413661679,
        "nid": 0.2613500216292544,
        "self_referenced": 0.743539341956377
    },
    "consistency": {
        "align_score_hints": 0.7523460206314921,
        "align_score_context": 0.3665647706555901
    },
    "readability": {
        "flesch_kincaid": 10.083013513239768,
        "fre": 43.467622813269685,
        "dale_chall": 10.995129466678137
    },
    "leakage": 0.1645,
    "llm_leakage": 51.7
}