{
    "info_gain": {
        "individual": {
            "r1": 0.10526190476190479,
            "r2": 0.034124999999999996,
            "rL": 0.10294226190476195
        },
        "combined": {
            "r1": 0.4327333333333334,
            "r2": 0.13403333333333334,
            "rL": 0.4290928571428571
        }
    },
    "redundancy": {
        "unigram_ratio": 0.7955509728264833,
        "bigram_ratio": 0.9810626152365041,
        "trigram_ratio": 0.9963711639498617,
        "nid": 0.20504967641169736,
        "self_referenced": 0.5440081534385681
    },
    "consistency": {
        "align_score_hints": 0.8171296001672744,
        "align_score_context": 0.40808766421559267
    },
    "readability": {
        "flesch_kincaid": 7.975651560965112,
        "fre": 54.780883617995904,
        "dale_chall": 9.558416944087591
    },
    "leakage": 0.0225,
    "llm_leakage": 38.2
}