{
    "info_gain": {
        "individual": {
            "r1": 0.16166369047619042,
            "r2": 0.05332083333333333,
            "rL": 0.1582511904761904
        },
        "combined": {
            "r1": 0.4403071428571428,
            "r2": 0.13845,
            "rL": 0.43694999999999995
        }
    },
    "redundancy": {
        "unigram_ratio": 0.720519561879548,
        "bigram_ratio": 0.9342176026027844,
        "trigram_ratio": 0.9756869530852362,
        "nid": 0.23435866573818329,
        "self_referenced": 0.6649495574235916
    },
    "consistency": {
        "align_score_hints": 0.8030479083061218,
        "align_score_context": 0.38359318750143573
    },
    "readability": {
        "flesch_kincaid": 8.754880656384026,
        "fre": 53.40684098471079,
        "dale_chall": 9.581082843520566
    },
    "leakage": 0.0365,
    "llm_leakage": 35.699999999999996
}