{
    "info_gain": {
        "individual": {
            "r1": 0.19488869047619048,
            "r2": 0.05072916666666667,
            "rL": 0.19108333333333333
        },
        "combined": {
            "r1": 0.4461238095238095,
            "r2": 0.14153333333333334,
            "rL": 0.4411261904761905
        }
    },
    "redundancy": {
        "unigram_ratio": 0.816714090629825,
        "bigram_ratio": 0.9870564572058382,
        "trigram_ratio": 0.9979635001597217,
        "nid": 0.1673492487446193,
        "self_referenced": 0.5924121754616499
    },
    "consistency": {
        "align_score_hints": 0.7784371975660324,
        "align_score_context": 0.336838081255024
    },
    "readability": {
        "flesch_kincaid": 10.990883595357664,
        "fre": 39.423962410966816,
        "dale_chall": 10.554738651204854
    },
    "leakage": 0.0465,
    "llm_leakage": 53.0
}