{
    "info_gain": {
        "individual": {
            "r1": 0.4315529761904763,
            "r2": 0.15206666666666666,
            "rL": 0.4261315476190476
        },
        "combined": {
            "r1": 0.5034833333333334,
            "r2": 0.20253333333333334,
            "rL": 0.5010928571428572
        }
    },
    "redundancy": {
        "unigram_ratio": 0.48436080676404003,
        "bigram_ratio": 0.8104156473141723,
        "trigram_ratio": 0.9091996009873755,
        "nid": 0.23476193812978835,
        "self_referenced": 0.8111868860721588
    },
    "consistency": {
        "align_score_hints": 0.7186319082975388,
        "align_score_context": 0.18639566131630272
    },
    "readability": {
        "flesch_kincaid": 14.21051849138449,
        "fre": 31.28444721532003,
        "dale_chall": 10.860933903101309
    },
    "leakage": 0.5235,
    "llm_leakage": 89.8
}