{
    "info_gain": {
        "individual": {
            "r1": 0.2659029761904761,
            "r2": 0.08470000000000001,
            "rL": 0.2626041666666667
        },
        "combined": {
            "r1": 0.4740904761904761,
            "r2": 0.16951666666666668,
            "rL": 0.47223333333333334
        }
    },
    "redundancy": {
        "unigram_ratio": 0.5443724225485062,
        "bigram_ratio": 0.7900185062412349,
        "trigram_ratio": 0.8745683992134248,
        "nid": 0.2831747396744174,
        "self_referenced": 0.7912687500715255
    },
    "consistency": {
        "align_score_hints": 0.785315413236618,
        "align_score_context": 0.36185847314177955
    },
    "readability": {
        "flesch_kincaid": 11.7549166420239,
        "fre": 40.6412110806309,
        "dale_chall": 10.614289732023598
    },
    "leakage": 0.09475,
    "llm_leakage": 95.5
}