{
    "info_gain": {
        "individual": {
            "r1": 0.16934940476190474,
            "r2": 0.059604166666666666,
            "rL": 0.16804047619047618
        },
        "combined": {
            "r1": 0.4753666666666667,
            "r2": 0.17473333333333332,
            "rL": 0.4725095238095239
        }
    },
    "redundancy": {
        "unigram_ratio": 0.7108356985550379,
        "bigram_ratio": 0.9440947084044947,
        "trigram_ratio": 0.9855422442136469,
        "nid": 0.2196773698260236,
        "self_referenced": 0.6126703445017337
    },
    "consistency": {
        "align_score_hints": 0.8105273568928242,
        "align_score_context": 0.39332975436223205
    },
    "readability": {
        "flesch_kincaid": 8.688127563022661,
        "fre": 53.236763644204736,
        "dale_chall": 9.507832117176592
    },
    "leakage": 0.17825,
    "llm_leakage": 62.8
}