{
    "info_gain": {
        "individual": {
            "r1": 0.20372619047619045,
            "r2": 0.04838333333333334,
            "rL": 0.19970654761904758
        },
        "combined": {
            "r1": 0.4574833333333333,
            "r2": 0.14181666666666665,
            "rL": 0.45285238095238095
        }
    },
    "redundancy": {
        "unigram_ratio": 0.5907339954988937,
        "bigram_ratio": 0.8234758950818596,
        "trigram_ratio": 0.902022176904249,
        "nid": 0.2754466030616895,
        "self_referenced": 0.7205460389554501
    },
    "consistency": {
        "align_score_hints": 0.7850170618370176,
        "align_score_context": 0.36479753970578893
    },
    "readability": {
        "flesch_kincaid": 9.855671574353263,
        "fre": 47.744872758552845,
        "dale_chall": 10.077297628267045
    },
    "leakage": 0.05075,
    "llm_leakage": 64.1
}