{
    "info_gain": {
        "individual": {
            "r1": 0.22730595238095241,
            "r2": 0.07430833333333335,
            "rL": 0.22282559523809525
        },
        "combined": {
            "r1": 0.49184999999999995,
            "r2": 0.1767,
            "rL": 0.48674285714285714
        }
    },
    "redundancy": {
        "unigram_ratio": 0.5253326295823839,
        "bigram_ratio": 0.7484422464827136,
        "trigram_ratio": 0.8338635144035697,
        "nid": 0.31329367117484047,
        "self_referenced": 0.8277511538267136
    },
    "consistency": {
        "align_score_hints": 0.8183083160892128,
        "align_score_context": 0.43862244698741415
    },
    "readability": {
        "flesch_kincaid": 10.461073531031925,
        "fre": 43.565427717589586,
        "dale_chall": 10.506629220061157
    },
    "leakage": 0.2715,
    "llm_leakage": 86.1
}