{
    "info_gain": {
        "individual": {
            "r1": 0.20031547619047627,
            "r2": 0.0654625,
            "rL": 0.19814583333333333
        },
        "combined": {
            "r1": 0.4861357142857142,
            "r2": 0.19086666666666668,
            "rL": 0.4842190476190476
        }
    },
    "redundancy": {
        "unigram_ratio": 0.6915505026707908,
        "bigram_ratio": 0.9332125338058983,
        "trigram_ratio": 0.9784473475045498,
        "nid": 0.22364016187100472,
        "self_referenced": 0.6806744317412377
    },
    "consistency": {
        "align_score_hints": 0.763502563714981,
        "align_score_context": 0.35618923140584957
    },
    "readability": {
        "flesch_kincaid": 9.400069647606276,
        "fre": 48.90700462394126,
        "dale_chall": 10.16261120582124
    },
    "leakage": 0.32875,
    "llm_leakage": 79.2
}