{
    "info_gain": {
        "individual": {
            "r1": 0.2666428571428572,
            "r2": 0.14090833333333333,
            "rL": 0.2695690476190476
        },
        "combined": {
            "r1": 0.5007595238095239,
            "r2": 0.2334166666666667,
            "rL": 0.5038190476190476
        }
    },
    "redundancy": {
        "unigram_ratio": 0.2699937686932129,
        "bigram_ratio": 0.33131252752858714,
        "trigram_ratio": 0.3640764942039775,
        "nid": 0.5257953315123787,
        "self_referenced": 0.9751852076649666
    },
    "consistency": {
        "align_score_hints": 0.6923308520852588,
        "align_score_context": 0.49051247114698343
    },
    "readability": {
        "flesch_kincaid": 10.160117985750967,
        "fre": 42.88701660074585,
        "dale_chall": 10.880902876156894
    },
    "leakage": 0.8715,
    "llm_leakage": 98.7
}