{
    "info_gain": {
        "individual": {
            "r1": 0.37271011904761925,
            "r2": 0.1687958333333333,
            "rL": 0.3720529761904764
        },
        "combined": {
            "r1": 0.5071357142857142,
            "r2": 0.2243333333333333,
            "rL": 0.5068857142857143
        }
    },
    "redundancy": {
        "unigram_ratio": 0.3802757909062568,
        "bigram_ratio": 0.5017743380117101,
        "trigram_ratio": 0.5565631248143854,
        "nid": 0.4087069651156811,
        "self_referenced": 0.9252585574388504
    },
    "consistency": {
        "align_score_hints": 0.8028086529113352,
        "align_score_context": 0.5131283580958843
    },
    "readability": {
        "flesch_kincaid": 10.227580703311046,
        "fre": 45.74903893824704,
        "dale_chall": 10.329661870498636
    },
    "leakage": 0.74275,
    "llm_leakage": 98.7
}