{
    "info_gain": {
        "individual": {
            "r1": 0.27349464285714287,
            "r2": 0.07905,
            "rL": 0.26822916666666674
        },
        "combined": {
            "r1": 0.4711499999999999,
            "r2": 0.15968333333333334,
            "rL": 0.46887619047619045
        }
    },
    "redundancy": {
        "unigram_ratio": 0.5527362251180552,
        "bigram_ratio": 0.7984814792327236,
        "trigram_ratio": 0.8804887368696214,
        "nid": 0.27895107082701803,
        "self_referenced": 0.7739034345746041
    },
    "consistency": {
        "align_score_hints": 0.7960260845720768,
        "align_score_context": 0.36573131383249713
    },
    "readability": {
        "flesch_kincaid": 11.529920657877806,
        "fre": 40.530096243802625,
        "dale_chall": 10.556956031900343
    },
    "leakage": 0.0875,
    "llm_leakage": 89.2
}