{
    "info_gain": {
        "individual": {
            "r1": 0.19190952380952375,
            "r2": 0.06032083333333333,
            "rL": 0.18975416666666664
        },
        "combined": {
            "r1": 0.4714023809523809,
            "r2": 0.16895,
            "rL": 0.4699523809523809
        }
    },
    "redundancy": {
        "unigram_ratio": 0.7008118539983963,
        "bigram_ratio": 0.943433276615212,
        "trigram_ratio": 0.9847935197883726,
        "nid": 0.22030931975470652,
        "self_referenced": 0.6341966896653175
    },
    "consistency": {
        "align_score_hints": 0.8125376035869122,
        "align_score_context": 0.3825753491264768
    },
    "readability": {
        "flesch_kincaid": 8.85461963489591,
        "fre": 53.66418757523788,
        "dale_chall": 9.438194988351187
    },
    "leakage": 0.232,
    "llm_leakage": 72.89999999999999
}