{
    "info_gain": {
        "individual": {
            "r1": 0.13405119047619046,
            "r2": 0.03714166666666666,
            "rL": 0.13058809523809525
        },
        "combined": {
            "r1": 0.41645000000000015,
            "r2": 0.13068333333333335,
            "rL": 0.41436904761904764
        }
    },
    "redundancy": {
        "unigram_ratio": 0.7583907377562098,
        "bigram_ratio": 0.9622190332735431,
        "trigram_ratio": 0.9909089232202151,
        "nid": 0.19337651123090097,
        "self_referenced": 0.5593953213691711
    },
    "consistency": {
        "align_score_hints": 0.7997455285489559,
        "align_score_context": 0.34095363993928185
    },
    "readability": {
        "flesch_kincaid": 8.94949469740214,
        "fre": 50.585683906760934,
        "dale_chall": 9.905245516764
    },
    "leakage": 0.02375,
    "llm_leakage": 46.300000000000004
}