{
    "info_gain": {
        "individual": {
            "r1": 0.3429738095238095,
            "r2": 0.11789166666666667,
            "rL": 0.33993035714285713
        },
        "combined": {
            "r1": 0.5066261904761905,
            "r2": 0.19218333333333337,
            "rL": 0.5047190476190474
        }
    },
    "redundancy": {
        "unigram_ratio": 0.4396751573907336,
        "bigram_ratio": 0.6329621355125414,
        "trigram_ratio": 0.7202708126264995,
        "nid": 0.34839304045463043,
        "self_referenced": 0.8902319149971009
    },
    "consistency": {
        "align_score_hints": 0.8187830447815359,
        "align_score_context": 0.42603974779996495
    },
    "readability": {
        "flesch_kincaid": 11.360508118030895,
        "fre": 43.52696622117149,
        "dale_chall": 10.230337972635725
    },
    "leakage": 0.49275,
    "llm_leakage": 97.89999999999999
}