{
    "info_gain": {
        "individual": {
            "r1": 0.14080416666666667,
            "r2": 0.040820833333333334,
            "rL": 0.13830119047619047
        },
        "combined": {
            "r1": 0.4395928571428571,
            "r2": 0.1443333333333333,
            "rL": 0.43555952380952384
        }
    },
    "redundancy": {
        "unigram_ratio": 0.7495178804044674,
        "bigram_ratio": 0.9683957888297002,
        "trigram_ratio": 0.9936603138254901,
        "nid": 0.19618289594822372,
        "self_referenced": 0.5774220394790173
    },
    "consistency": {
        "align_score_hints": 0.791124991685152,
        "align_score_context": 0.3539763524559676
    },
    "readability": {
        "flesch_kincaid": 8.806240856425998,
        "fre": 53.39693443189506,
        "dale_chall": 9.454189141650025
    },
    "leakage": 0.03425,
    "llm_leakage": 66.4
}