{
    "info_gain": {
        "individual": {
            "r1": 0.2348065476190476,
            "r2": 0.0858,
            "rL": 0.23429642857142866
        },
        "combined": {
            "r1": 0.5114095238095238,
            "r2": 0.24059999999999998,
            "rL": 0.5133357142857142
        }
    },
    "redundancy": {
        "unigram_ratio": 0.5920620710178676,
        "bigram_ratio": 0.8060326814825359,
        "trigram_ratio": 0.8770271605801281,
        "nid": 0.3046083773874374,
        "self_referenced": 0.7406999945640564
    },
    "consistency": {
        "align_score_hints": 0.7283768290937879,
        "align_score_context": 0.4501414003824757
    },
    "readability": {
        "flesch_kincaid": 9.052056790933388,
        "fre": 48.55021953986165,
        "dale_chall": 10.172585140406373
    },
    "leakage": 0.573,
    "llm_leakage": 97.2
}