{
    "info_gain": {
        "individual": {
            "r1": 0.1281422619047619,
            "r2": 0.036145833333333335,
            "rL": 0.125672619047619
        },
        "combined": {
            "r1": 0.4231238095238094,
            "r2": 0.1333333333333333,
            "rL": 0.41648333333333337
        }
    },
    "redundancy": {
        "unigram_ratio": 0.7408830167618705,
        "bigram_ratio": 0.9528077379336816,
        "trigram_ratio": 0.9891537551725912,
        "nid": 0.1978810724571502,
        "self_referenced": 0.551587593048811
    },
    "consistency": {
        "align_score_hints": 0.7926038948446512,
        "align_score_context": 0.3074756250035716
    },
    "readability": {
        "flesch_kincaid": 8.397714227837811,
        "fre": 53.97927447668825,
        "dale_chall": 9.454743977984048
    },
    "leakage": 0.04275,
    "llm_leakage": 49.1
}